{
  "accuracy": 0.9154411764705882,
  "precision_pos": 0.7431472081218274,
  "recall_pos": 0.9138576779026217,
  "f1_pos": 0.8197088465845465,
  "roc_auc": 0.9724811893347483,
  "pr_auc_pos": 0.9252640373860825,
  "n_train": 15230,
  "n_val": 3808,
  "n_features": 331,
  "class_balance_overall": 0.21036873621178695
}